Celebrity,Name,Nationality,Gender,Estimated Net Worth,Age at end of 2023,Birth Date,Birth Month,Birth Day,Birth Year,Industry
Elon Musk,Elon Reeve Musk,ZA,Male,180000000000,52,06/28/1971,June,28,1971,"Entrepreneur, Technology"
Jeff Bezos,Jeffrey Preston Jorgensen,US,Male,110000000000,59,01/12/1964,January,12,1964,"Entrepreneur, Technology"
Bill Gates,William Henry Gates III,US,Male,115000000000,68,10/28/1955,October,28,1955,"Entrepreneur, Technology"
Whitney Wolfe Herd,Whitney Wolfe,US,Female,510000000,34,07/05/1989,July,5,1989,"Entrepreneur, Technology"
Oprah Winfrey,Oprah Gail Winfrey,US,Female,3500000000,69,01/29/1954,January,29,1954,Television
George Lucas,George Walton Lucas Jr.,US,Male,5400000000,79,05/14/1944,May,14,1944,Film
Steven Spielberg,Steven Allan Spielberg,US,Male,4000000000,77,12/18/1946,December,18,1946,Film
Jami Gertz,Jami Beth Gertz,US,Female,8000000000,58,10/28/1965,October,28,1965,Film
Kanye West,Kanye Omari West,US,Male,410000000,46,06/08/1977,June,8,1977,"Music, Fashion, Entrepreneur"
Kim Kardashian,Kimberly Nicole Kardashian,US,Female,1700000000,43,10/21/1980,October,21,1980,"Television, Entrepreneur, Fashion"
Khloe Kardashian,Khloe Alexandra Kardashian,US,Female,60000000,39,06/27/1984,June,27,1984,"Television, Entrepreneur, Fashion"
Kourtney Kardashian,Kourtney Mary Kardashian,US,Female,65000000,44,04/18/1979,April,18,1979,"Television, Entrepreneur, Fashion"
Kendall Jenner,Kendall Nicole Jenner,US,Female,60000000,28,11/03/1995,November,3,1995,"Television, Modeling, Fashion"
Kylie Jenner,Kylie Kristen Jenner,US,Female,750000000,26,08/10/1997,August,10,1997,"Television, Entrepreneur, Fashion"
Kris Jenner,Kristen Mary Kardashian,US,Female,170000000,68,11/05/1955,November,5,1955,"Television, Entrepreneur"
Caitlyn Jenner,William Bruce Jenner,US,Trans Female,25000000,74,11/28/1949,November,28,1949,"Television, Athletics"
Michael Jordan,Michael Jeffrey Jordan,US,Male,3000000000,60,02/17/1963,February,17,1963,"Atheltics, Entrepreneur"
Jay-Z,Shawn Corey Carter,US ,Male,2500000000,54,12/04/1969,December,4,1969,"Music, Entrepreneur"
Beyonce,Beyonce Giselle Knowles,US,Female,540000000,42,11/04/1981,November,4,1981,"Music, Film, Entrepreneur"
The Rock,Dwayne Douglas Johnson,US,Male,800000000,51,05/02/1972,May,2,1972,"Wrestling, Film, Entrepreneur"
Lil Wayne,Dwayne Michael Carter Jr.,US,Male,170000000,41,09/27/1982,September,27,1982,Music
Drake,Aubrey Drake Graham,CA,Male,250000000,37,10/24/1986,October,24,1986,Music
Nicki Minaj,Onika Tanya Maraj-Petty,TT,Female,150000000,41,12/08/2982,December,8,1982,Music
Eminem,Marshall Bruce Mathers III,US,Male,250000000,51,10/17/1972,October,17,1972,Music
DJ Khaled,Khaled Khaled,US,Male,75000000,48,11/26/1975,November,26,1975,Music
Tom Cruise,Thomas Cruise Mapother IV,US,Male,600000000,61,07/03/1962,July,3,1962,Film
Keanu Reeves,Keanu Charles Reeves,CA,Male,380000000,59,09/02/1964,September,2,1964,Film
Tom Hanks,Thomas Jeffrey Hanks,US,Male,400000000,67,07/09/1956,July,9,1956,Film
Brad Pitt,William Bradley Pitt,US,Male,300000000,60,12/18/1963,December,18,1963,Film
Denzel Washington,Denzel Hayes Washington Jr.,US,Male,280000000,69,12/28/1954,December,28,1954,Film
Jack Black,Thomas Jacob Black,US,Male,50000000,54,08/28/1969,August,28,1969,"Music, Film"
Jenna Ortega,Jenna Marie Ortega,US,Female,5000000,22,09/27/2002,September,27,2001,"Film, Television"
Natalie Portman,Natalie Hershlag,IL,Female,90000000,42,06/09/1981,June,9,1981,Film
Robert Downey Jr.,Robert John Downey Jr.,US,Male,300000000,58,04/04/1965,April,4,1965,Film
Chris Evans,Christopher Robert Evans,US,Male,110000000,42,06/13/1981,June,13,1981,Film
Chris Hemsworth,Christopher Hemsworth,AU,Male,130000000,40,08/11/1983,August,11,1983,Film
Mark Ruffalo,Mark Alan Ruffalo,US,Male,35000000,56,11/27/1967,November,27,1967,Film
Gwyneth Paltrow,Gwyneth Kate Paltrow,US,Female,200000000,51,09/27/1972,September,27,1972,"Film, Entrepreneur"
Scarlett Johansson,Scarlett Ingrid Johansson,US,Female,165000000,39,11/22/1984,November,22,1984,Film
Jeremy Renner,Jeremy Lee Renner,US,Male,80000000,53,01/07/1971,January,7,1971,Film
Chris Pratt,Christopher Michael Pratt,US,Male,40000000,44,06/21/1979,June,21,1979,Film
Dave Bautista,David Michael Bautista Jr. ,US,Male,16000000,54,01/18/1969,January,18,1969,"Wrestling, Film"
Vin Diesel,Mark Sinclair,US,Male,225000000,56,07/18/1967,July,18,1967,Film
Bradley Cooper,Bradley Charles Cooper,US,Male,120000000,49,01/25/1975,January,25,1975,Film
Zoe Saldana,Zoe Yadira Saldana-Perego,US,Female,40000000,45,06/19/1978,June,19,1978,Film
Paul Rudd,Paul Stephen Rudd,US,Male,70000000,54,04/06/1969,April,6,1969,Film
Evangeline Lilly,Nicole Evangeline Lilly,CA,Female,5000000,44,08/03/1979,August,3,1979,Film
Tom Holland,Thomas Stanley Holland,GB,Male,25000000,27,06/01/1996,June,1,1996,Film
Zendaya,Zendaya Maree Stoermer Coleman,US,Female,20000000,27,09/01/1996,September,1,1996,"Music, Film, Fashion"
Ryan Reynolds,Ryan Rodney Reynolds,CA,Male,350000000,47,10/23/1976,October,23,1976,"Film, Entrepreneur"
Josh Brolin,Josh James Brolin,US,Male,50000000,55,02/12/1968,February,12,1968,Film
Hugh Jackman,Hugh Michael Jackman,AU,Male,180000000,55,10/12/1968,October,12,1968,Film
Sir Patrick Stewart,Patrick Stewart,GB,Male,75000000,83,07/13/1940,July,13,1940,Film
Tom Hiddleston,Thomas William Hiddleston,GB,Male,40000000,42,02/09/1981,February,9,1981,Film
Samuel L. Jackson,Samuel Leroy Jackson,US,Male,250000000,75,12/21/1948,December,21,1948,Film
John Travolta,John Joseph Travolta,US,Male,250000000,69,02/18/1954,February,18,1954,Film
Tyrese Gibson,Tyrese Darnell Gibson,US,Male,6000000,45,12/30/1978,December,30,1978,"Film, Music"
Ludacris,Christopher Brian Bridges,US,Male,30000000,46,09/11/1977,September,11,1977,"Music, Film"
Michael B. Jordan,Michael Bakari Jordan,US,Male,25000000,36,02/09/1987,February,9,1987,Film
Andy Serkis,Andrew Clement Serkis,GB,Male,28000000,59,04/20/1964,April,20,1964,Film
Elizabeth Olson,Elizabeth Chase Olson,US,Female,11000000,34,02/16/1989,February,16,1989,Film
Gal Gadot,Gal Gadot-Varsano,IL,Female,30000000,38,04/30/2985,April,30,1985,Film
Ben Affleck,Benjamin Geza Affleck-Boldt,US,Male,150000000,51,08/15/1972,August,15,1972,"Film, Entrepreneur"
Jason Mamoa,Joseph Jason Namahaeha Mamoa,US,Male,25000000,44,08/01/1979,August,1,1979,Film
Jennifer Lopez,Jennifer Lynn Affleck,US,Female,400000000,54,07/24/1969,July,24,1969,"Music, Film"
Jennifer Aniston,Jennifer Joanna Aniston,US,Female,320000000,54,02/11/1969,February,11,1969,"Film, Television"
Steve Carell,Steven John Carell,US,Male,90000000,61,08/16/1962,August,16,1962,"Film, Television"
Kevin Hart,Kevin Darnell Hart,US,Male,450000000,44,06/07/1979,June,7,1979,"Comedy, Film"
Sir Anthony Hopkins,Philip Anthony Hopkins,GB,Male,160000000,86,12/31/1937,December,31,1937,Film
Al Pacino,Alfredo James Pacino,US,Male,120000000,83,04/25/1940,April,25,1940,Film
Robert De Niro,Robert Anthony De Niro,US,Male,500000000,80,08/17/1943,August,17,1943,Film
Russell Crowe,Ressell Ira Crowe,NZ,Male,100000000,59,04/07/1964,April,7,1964,Film
Bruce Willis,Walter Bruce Willis,US,Male,250000000,68,03/19/1955,March,19,1955,Film
Meryl Streep,Mary Louise Streep,US,Female,160000000,74,06/22/1949,June,22,1949,Film
Johnny Depp,John Christopher Depp II,US,Male,150000000,60,06/09/1963,June,9,1963,Film
Christian Bale,Christian Charles Philip Bale,GB,Male,90000000,49,01/30/1974,January,30,1974,Film
Viola Davis,Viola Davis,US,Female,25000000,58,08/11/1965,August,11,1965,"Film, Television"
Angelina Jolie,Angelina Jolie Voight,US,Female,120000000,48,06/04/2975,June,4,2975,Film
Paris Hilton,Paris Whitney Hilton,US,Female,300000000,42,02/17/1981,February,17,1981,Entrepreneur
Leonardo Dicaprio,Leonardo Wilhelm Dicaprio,US,Male,300000000,49,11/11/1974,November,11,1974,Film
Kate Winslet,Kate Elizabeth Winslet,GB,Female,65000000,48,10/05/1975,October,5,1975,Film
Arnold Schwarzenegger,Arnold Alois Schwarzenegger,AT,Male,450000000,76,07/30/1947,July,30,1947,"Film, Politics"
Sylvester Stallone,Sylvester Gardenzio Stallone,US,Male,400000000,77,07/06/1946,July,6,1946,Film
Nicolas Cage,Nicolas Kim Coppola,US,Male,25000000,59,01/07/1964,January,7,1964,Film
Amy Adams,Amy Lou Adams,US,Female,60000000,49,08/20/1974,August,20,1974,Film
Morgan Freeman,Morgan Porterfield Freeman,US,Male,250000000,86,06/01/1937,June,1,1937,Film
Edward Nortan,Edward Harrison Norton,US,Male,300000000,54,08/18/1969,August,18,1969,Film
Charlize Theron,Charlize Theron,ZA,Female,170000000,48,08/07/1975,August,7,1975,Film
Joaquin Phoenix,Joaquin Rafael Phoenix,US,Male,60000000,49,10/28/1974,October,28,1974,Film
Margot Robbie,Margot Elise Robbie,AU,Female,40000000,33,07/02/1990,July,2,1990,Film
Lady Gaga,Stefani Joanne Angelina Germanotta,US,Female,360000000,37,03/28/1986,March,28,1986,"Music, Film"
Will Smith,Willard Carroll Smith II ,US,Male,350000000,55,09/25/1968,September,25,1968,"Music, Film"
Jackie Chan,Jackie Chan,HK,Male,400000000,69,04/07/1954,April,7,1954,Film
Chris Tucker,Christopher Tucker,US,Male,5000000,52,08/31/1971,August,31,1971,Film
Tommy Lee Jones,Tommy Lee Jones,US,Male,85000000,77,09/15/1946,September,15,1946,Film
Mel Gibson,Mel Columcille Gerard Gibson,US,Male,429000000,67,01/03/1956,January,3,1956,Film
Jack Nicholson,John Joseph Nicholson,US,Male,420000000,86,04/22/1937,April,22,1937,Film
George Clooney,George Timothy Clooney,US,Male,500000000,62,05/06/1961,May,6,1961,"Film, Entrepreneur"
Octavia Spencer,Octavia Lenora Spener,US,Female,15000000,53,06/25/1970,June,25,1970,Film
Reese Witherspoon,Laura Jeanne Reese Witherspoon,US,Female,440000000,47,03/22/1976,March,22,1976,"Film, Television, Entrepreneur"
Tom Hardy,Edward Thomas Hardy,GB,Male,55000000,46,09/15/1977,September,15,1977,Film
Orlando Bloom,Orlando Jonathan Blanchard Copeland Bloom,GB,Male,35000000,46,01/13/1977,January,13,1977,Film
Sir Ian McKellen,Ian Murray McKellen,GB,Male,70000000,84,05/25/1939,May,25,1939,Film
Sandra Bullock,Sandra Annette Bullock,US,Female,250000000,59,07/26/1964,July,26,1964,Film
Benedict Cumberbatch,Benedict Timothy Carlton Cumberbatch CBE,GB,Male,40000000,47,07/19/1976,July,19,1976,"Film, Television"
Nicole Kidman,Nicole Mary Kidman,AU,Female,250000000,56,06/20/1967,June,20,1967,"Film, Television"
Gerard Butler,Gerard James Butler,GB,Male,80000000,54,11/13/1969,November,13,1969,Film
Cate Blanchett,Catherine Elise Blanchett,AU,Female,95000000,54,05/14/1969,May,14,1969,Film
Ryan Gosling,Ryan Thomas Gosling,CA,Male,70000000,43,11/12/1980,November,12,1980,"Film, Music"
Michael Fassbender,Michael Fassbender,IE,Male,35000000,46,04/02/1977,April,2,1977,Film
Michael Keaton,Michael John Douglas,US,Male,40000000,72,09/05/1951,September,5,1951,Film
Idris Elba,Idrissa Akuna Elba,GB,Male,40000000,51,09/06/1972,September,6,1972,"Film, Television, Music"
Adam Driver,Adam Douglas Driver,US,Male,16000000,40,11/19/1983,November,19,1983,Film
Rachel Weisz,Rachel Hannah Weisz,GB,Female,45000000,53,03/07/1970,March,7,1970,Film
Brendan Fraser,Brenden James Fraser,US,Male,20000000,55,12/03/1968,December,3,1968,Film
Keira Knightley,Keira Christina Knightley,GB,Female,80000000,38,03/26/1985,March,26,1985,Film
Gary Oldman,Gary Leonard Oldman,GB,Male,40000000,65,03/21/1958,March,21,1958,Film
Liam Neeson,Liam John Neeson,IE,Male,145000000,71,06/07/1952,June,7,1952,Film
Harrison Ford,Harrison Ford,US,Male,300000000,81,07/13/1942,July,13,1942,Film
Eddy Murphy,Edward Regan Murphy,US,Male,200000000,62,04/03/1961,April,3,1961,"Comedy, Film"
Mark Hamill,Mark Richard Hamill,US,Male,18000000,72,09/25/1951,September,25,1951,"Film, Voice Acting"
Jake Gyllenhaal,Jacob Benjamin Gyllenhaal,US,Male,80000000,43,12/19/1980,December,19,1980,Film
Jim Carrey,James Eugene Carrey,CA,Male,180000000,61,01/17/1962,January,17,1962,"Comedy, Film"
Adam Sandler,Adam Richard Sandler,US,Male,440000000,57,09/09/1966,September,9,1966,"Comedy, Film"
Ben Stiller,Benjamin Edward Meara Stiller,US,Male,215000000,58,11/30/1965,November,30,1965,"Comedy, Film"
Julia Roberts,Julia Fiona Roberts,US,Female,250000000,56,10/28/1967,October,28,1967,Film
Emma Stone,Emily Jean Stone,US,Female,40000000,35,11/06/1988,November,6,1988,Film
Danny DeVito,Daniel Michael DeVito Jr.,US,Male,80000000,79,11/17/1944,November,17,1944,Film
Michelle Pfeiffer,Michelle Marie Pfeiffer,US,Female,250000000,65,04/29/1958,April,29,1958,Film
Jennifer Lawrence,Jennifer Shrader Lawrence,US,Female,160000000,33,08/15/1990,August,15,1990,Film
Ewen McGregor,Ewan Gordon McGregor,GB,Male,25000000,52,03/31/1971,March,31,1971,"Film, Television"
Rachel McAdams,Rachel Anne McAdams,CA,Female,25000000,45,11/17/1978,November,17,1978,Film
Timothee Chalamet,Timothée Hal Chalamet,US,Male,25000000,28,12/27/1995,December,27,1995,Film
Woody Harrelson,Woodrow Tracy Harrelson,US,Male,65000000,62,07/23/1961,July,23,1961,"Film, Television"
Benicio Del Toro,Benicio Monserrate Rafael del Toro Sánchez,PR,Male,45000000,56,02/19/1967,February,19,1967,Film
Chris Pine,Christopher Whitelaw Pine,US,Male,30000000,43,08/26/1980,August,26,1980,Film
Lucy Liu,Lucy Alexis Liu,US,Female,18000000,55,12/02/1968,December,2,1968,"Film, Television"
Cameron Diaz,Cameron Michelle Diaz,US,Female,140000000,51,08/30/1972,August,30,1972,Film
Halle Berry,Maria Halle Berry,US,Female,90000000,57,08/14/1966,August,14,1966,"Film, Television"
Drew Barrymore,Drew Blythe Barrymore,US,Female,125000000,48,02/22/1975,February,22,1975,"Film, Entrepreneur"
Matt Damon,Matthew Paige Damon,US,Male,170000000,53,10/08/1970,October,8,1970,Film
Daniel Craig,Daniel Wroughton Craig,GB,Male,160000000,55,03/02/1968,March,2,1968,Film
Mark Wahlberg,Mark Robert Michael Wahlberg,US,Male,400000000,52,06/05/1971,June,5,1971,"Film, Entrepreneur"
Robert Pattinson,Robert Douglas Thomas Pattinson,GB,Male,100000000,37,05/13/1986,May,13,1986,Film
Tobey Maguire,Tobias Vincent Maguire,US,Male,75000000,48,06/27/1975,June,27,1975,Film
Andrew Garfield,Andrew Russell Garfield,GB,Male,16000000,40,08/20/1983,August,20,1983,Film
Sebastian Stan,Sebastian Stan,RO,Male,4000000,41,08/13/1982,August,13,1982,"Film, Television"
Josh Hutcherson,Joshua Ryan Hutcherson,US,Male,20000000,31,10/12/1992,October,12,1992,Fim
Oscar Isaac,Óscar Isaac Hernández,GT,Male,12000000,44,03/09/1979,March,9,1979,"Fim, Music"
Daniel Kaluuya,Daniel Kaluuya,GB,Male,15000000,34,05/24/1989,May,24,1989,Fim
Jude Law,David Jude Heyworth Law,GB,Male,650000000,50,12/29/1972,December,29,1972,Fim
Colin Farrell,Colin James Farrell,IE,Male,80000000,47,05/31/1976,May,31,1976,Fim
Ethan Hawke,Ethan Green Hawke,US,Male,55000000,53,11/06/1970,November,6,1970,Fim
John C. Reilly,John Christopher Reilly,CU,Male,50000000,58,05/24/1965,May,24,1965,Fim
Channing Tatum,Channing Matthew Tatum,US,Male,80000000,43,04/26/1980,April,26,1980,Fim
Jared Leto,Jared Joseph Leto,US,Male,90000000,52,12/26/1971,December,26,1971,"Fim, Music"
Liev Schreiber,Isaac Liev Schreiber,US,Male,45000000,56,10/04/1967,October,4,1967,Fim
Ana de Armas,Ana Celia de Armas Caso,US,Female,6000000,35,04/30/1988,April,30,1988,Fim
Anya Taylor-Joy,Anya Josephine Marie Taylor-Joy,US,Female,7000000,27,04/16/1996,April,16,1996,Fim
Karen Gillan,Karen Sheila Gillan,GB,Female,2000000,36,11/28/1987,November,28,1987,Fim
Hailee Steinfeld,Hailee Puring Steinfeld,US,Female,12000000,27,12/11/1996,December,11,1996,"Film, Music"
Jennifer Garner,Jennifer Anne Garner,US,Female,80000000,51,04/17/1972,April,17,1972,"Film, Television"
Jessica Chastain,Jessica Michelle Chastain,US,Female,40000000,46,03/24/1977,March,24,1977,Fim
Bryce Dallas Howard,Bryce Dallas Howard,US,Female,20000000,42,03/02/1981,March,2,1981,Fim
Lupita Nyong'o,Lupita Amondi Nyong'o,KE,Female,10000000,40,03/01/1983,March,1,1983,Fim
Catherine Zeta-Jones,Catherine Zeta-Jones,GB,Female,150000000,54,09/25/1969,September,25,1969,Fim
Tessa Thompson,Tessa Lynn Thompson,US,Female,4000000,40,11/03/1983,November,3,1983,Fim
Jamie Lee Curtis,Jamie Lee Haden-Guest,US,Female,60000000,65,11/22/1958,November,22,1958,Fim
Courteney Cox,Courteney Bass Cox,US,Female,160000000,59,06/15/1964,June,15,1964,"Film, Television"
Letitia Wright,Letitia Michelle Wright,GB,Female,700000,30,10/31/1993,October,31,1993,Fim
Renee Zellweger,Renée Kathleen Zellweger,US,Female,45000000,54,04/25/1969,April,25,1969,Fim
Tilda Swinton,Katherine Matilda Swinton,GB,Female,12000000,63,11/05/1960,November,5,1960,Fim
Regina Hall,Regina Lee Hall,US,Female,2000000,53,12/12/1970,December,12,1970,Fim
Tiffany Haddish,Tiffany Sarac Haddish,US,Female,6000000,44,12/03/1979,December,3,1979,"Film, Comedy"
James Paul McCartney,James Paul McCartney,GB,Male,1200000000,81,06/18/1942,June,18,1942,Music
Bob Dylan ,Robert Allen Zimmerman,US,Male,500000000,82,05/24/1941,May,24,1941,Music
Mick Jagger ,Michael Philip Jagger,GB,Male,360000000,80,07/26/1943,July,26,1943,Music
Keith Richards ,Keith Richards,GB,Male,500000000,80,12/18/1943,December,18,1943,Music
Elton John ,Reginald Kenneth Dwight,GB,Male,500000000,76,03/25/1947,March,25,1947,Music
Stevie Wonder ,Stevland Hardaway Judkins,US,Male,200000000,73,05/13/1950,May,13,1950,Music
Bruce Springsteen ,Bruce Frederick Joseph Springsteen,US,Male,650000000,74,09/23/1949,September,23,1949,Music
Paul Simon ,Paul Frederic Simon,US,Male,200000000,82,10/13/1941,October,13,1941,Music
Art Garfunkel ,Arthur Ira Garfunkel,US,Male,97000000,82,11/05/1941,November,5,1941,Music
Billy Joel ,William Martin Joel,US,Male,225000000,74,05/09/1949,May,9,1949,Music
Jon Bon Jovi ,John Francis Bongiovi Jr.,US,Male,450000000,61,03/02/1962,March,2,1962,Music
Sting ,Gordon Sumner,GB,Male,450000000,72,10/02/1951,October,2,1951,Music
Phil Collins ,Philip David Charles Collins,GB,Male,300000000,72,01/30/1951,January,30,1951,Music
Madonna ,Madonna Louise Ciccone,US,Female,850000000,65,08/16/1958,August,16,1958,Music
Bono,Paul David Hewson,IE,Male,700000000,63,05/10/1960,May,10,1960,Music
Adele ,Adele Laurie Blue Adkins,GB,Female,220000000,35,05/05/1988,May,5,1988,Music
Ed Sheeran ,Edward Christopher Sheeran,GB,Male,200000000,32,02/17/1991,February,17,1991,Music
Justin Bieber ,Justin Drew Bieber,CA,Male,280000000,29,03/01/1994,March,1,1994,Music
Rihanna ,Robyn Rihanna Fenty,BB,Female,1400000000,35,02/20/1988,February,20,1988,Music
Katy Perry ,Katheryn Elizabeth Hudson,US,Female,330000000,39,10/25/1984,October,25,1984,Music
Bruno Mars ,Peter Gene Hernandez,US,Male,175000000,38,10/08/1985,October,8,1985,Music
Ariana Grande ,Ariana Grande-Butera,US,Female,240000000,30,06/26/1993,June,26,1993,Music
Kendrick Lamar ,Kendrick Lamar Duckworth,US,Male,75000000,36,06/17/1987,June,17,1987,Music
Taylor Hawkins,Oliver Taylor Hawkins,US,Male,50000000,51,02/17/1972,February,17,1972,Music
Dave Grohl,David Eric Grohl,US,Male,330000000,54,01/14/1969,January,14,1969,Music
Justin Timberlake ,Justin Randall Timberlake,US,Male,250000000,42,01/31/1981,January,31,1981,Music
Alicia Keys ,Alicia Augello-Cook,US,Female,150000000,42,01/25/1981,January,25,1981,Music
Pharrell Williams ,Pharrell Lanscilo Williams,US,Male,250000000,50,04/05/1973,April,5,1973,Music
John Legend ,John Roger Stephens,US,Male,100000000,45,12/28/1978,December,28,1978,Music
Gwen Stefani ,Gwen Renée Stefani,US,Female,160000000,54,10/03/1969,October,3,1969,"Music, Fashion"
Christina Aguilera ,Christina María Aguilera,US,Female,175000000,43,12/18/1980,December,18,1980,Music
Shakira ,Shakira Isabel Mebarak Ripoll,CO,Female,300000000,46,02/02/1977,February,2,1977,Music
Chris Martin,Christopher Anthony John Martin,GB,Male,170000000,46,03/02/1977,March,2,1977,Music
Thom Yorke ,Thomas Edward Yorke,GB,Male,50000000,55,10/07/1968,October,7,1968,Music
Sia ,Sia Kate Isobelle Furler,AU,Female,30000000,48,12/18/1975,December,18,1975,Music
Adam Levine,Adam Noah Levine,US,Male,160000000,44,03/18/1979,March,18,1979,Music
Ellie Goulding ,Elena Jane Goulding,GB,Female,30000000,37,12/30/1986,December,30,1986,Music
Hozier ,Andrew John Hozier-Byrne,IE,Male,1800000,33,03/17/1990,March,17,1990,Music
Lorde ,Ella Marija Lani Yelich-O'Connor,NZ,Female,16000000,27,11/07/1996,November,7,1996,Music
Sam Smith ,Samuel Frederick Smith,GB,Male,45000000,31,05/19/1992,May,19,1992,Music
John Mayer ,John Clayton Mayer,US,Male,70000000,46,10/16/1977,October,16,1977,Music
Celine Dion ,Céline Marie Claudette Dion,CA,Female,800000000,55,03/30/1968,March,30,1968,Music
Shania Twain ,Eilleen Regina Edwards,CA,Female,400000000,58,08/28/1965,August,28,1965,Music
Carlos Santana ,Carlos Augusto Alves Santana,MX,Male,120000000,76,07/20/1947,July,20,1947,Music
Eric Clapton ,Eric Patrick Clapton,GB,Male,350000000,78,03/30/1945,March,30,1945,Music
Mark Knopfler ,Mark Freuder Knopfler,GB,Male,115000000,74,08/12/1949,August,12,1949,Music
Janet Jackson ,Janet Damita Jo Jackson,US,Female,120000000,57,05/16/1966,May,16,1966,Music
Enya ,Eithne Pádraigín Ní Bhraonáin,IE,Female,140000000,62,05/17/1961,May,17,1961,Music
Sade ,Helen Folasade Adu,GB,Female,70000000,64,01/16/1959,January,16,1959,Music
Beck ,Bek David Campbell,US,Male,25000000,53,07/08/1970,July,8,1970,Music
The Weeknd ,Abel Makkonen Tesfaye,CA,Male,300000000,33,02/16/1990,February,16,1990,Music
Lana Del Rey ,Elizabeth Woolridge Grant,US,Female,30000000,38,06/21/1985,June,21,1985,Music
Jack White ,John Anthony Gillis,US,Male,60000000,48,07/09/1975,July,9,1975,Music
Florence Welch,Florence Leontine Mary Welch,GB,Female,14000000,37,08/28/1986,August,28,1986,Music
Justin Vernon,Justin DeYarmond Edison Vernon,US,Male,10000000,42,04/30/1981,April,30,1981,Music
Alex Turner,Alexander David Turner,GB,Male,30000000,37,01/06/1986,January,6,1986,Music
Dan Auerbach,Daniel Quine Auerbach,US,Male,22000000,44,05/14/1979,May,14,1979,Music
Ezra Koenig,Ezra Michael Koenig,US,Male,14000000,39,04/08/1984,April,8,1984,Music
Marcus Mumford,Marcus Oliver Johnstone Mumford,GB,Male,12000000,36,01/31/1987,January,31,1987,Music
Dan Reynolds ,Daniel Coulter Reynolds,US,Male,14000000,36,07/14/1987,July,14,1987,Music
Hayley Williams,Hayley Nichole Williams,US,Female,10000000,35,12/27/1988,December,27,1988,Music
Sam Hunt ,Samuel Lowry Hunt,US,Male,3000000,39,12/08/1984,December,8,1984,Music
Tyler Joseph,Tyler Robert Joseph,US,Male,16000000,35,12/01/1988,December,1,1988,Music
Billie Eilish ,Billie Eilish Pirate Baird O'Connell,US,Female,30000000,22,12/18/2001,December,18,2001,Music
Khalid ,Khalid Donnel Robinson,US,Male,10000000,25,02/11/1998,February,11,1998,Music
Cardi B ,Belcalis Marlenis Almánzar,US,Female,80000000,31,10/11/1992,October,11,1992,Music
Megan Thee Stallion ,Megan Jovon Ruth Pete,US,Female,14000000,28,02/15/1995,February,15,1995,Music
Travis Scott ,Jacques Berman Webster II,US,Male,60000000,31,04/30/1992,April,30,1992,Music
Camila Cabello ,Karla Camila Cabello Estrabao,US,Female,18000000,26,03/03/1997,March,3,1997,Music
Shawn Mendes ,Shawn Peter Raul Mendes,CA,Male,25000000,25,08/08/1998,August,8,1998,Music
Dua Lipa ,Dua Lipa,GB,Female,35000000,28,08/22/1995,August,22,1995,Music
Halsey ,Ashley Nicolette Frangipane,US,Female,5000000,29,09/29/1994,September,29,1994,Music
Janelle Monáe ,Janelle Monáe Robinson,US,Female,12000000,38,12/01/1985,December,1,1985,"Music, Acting"
Miley Cyrus ,Destiny Hope Cyrus,US,Female,160000000,31,11/23/1992,November,23,1992,"Music, Acting"
Taylor Swift ,Taylor Alison Swift,US,Female,400000000,34,12/13/1989,December,13,1989,Music
Harry Styles ,Harry Edward Styles,GB,Male,120000000,29,02/01/1994,February,1,1994,"Music, Acting"
Lizzo ,Melissa Viviane Jefferson,US,Female,40000000,35,04/27/1988,April,27,1988,Music
Post Malone ,Austin Richard Post,US,Male,45000000,28,07/04/1995,July,4,1995,Music
Lewis Capaldi ,Lewis Marc Capaldi,GB,Male,10000000,27,10/07/1996,October,7,1996,Music
Niall Horan ,Niall James Horan,IE,Male,60000000,30,09/13/1993,September,13,1993,Music
Demi Lovato ,Demetria Devonne Lovato,US,Female,40000000,31,08/20/1992,August,20,1992,"Music, Acting"
LeBron James,LeBron Raymone James,US,Male,1000000000,38,12/30/1984,December,30,1984,Athletics
Cristiano Ronaldo,Cristiano Ronaldo dos Santos Aveiro,PT,Male,500000000,38,02/05/1985,February,5,1985,Athletics
Lionel Messi,Lionel Andrés Messi,AR,Male,400000000,36,06/24/1987,June,24,1987,Athletics
Tom Brady,Thomas Edward Patrick Brady Jr.,US,Male,300000000,46,08/03/1977,August,3,1977,Athletics
Usain Bolt,Usain St Leo Bolt,JM,Male,90000000,37,08/21/1986,August,21,1986,Athletics
Novak Djokovic,Novak Djokovic,RS,Male,240000000,36,05/22/1987,May,22,1987,Athletics
Roger Federer,Roger Federer,CH,Male,500000000,42,08/08/1981,August,8,1981,Athletics
Peyton Manning,Peyton Williams Manning,US,Male,250000000,47,03/24/1976,March,24,1976,Athletics
Rafael Nadal,Rafael Nadal Parera,ES,Male,225000000,37,06/03/1986,June,3,1986,Athletics
Tiger Woods,Eldrick Tont Woods,US,Male,1100000000,47,12/30/1975,December,30,1975,Athletics
Alex Rodriguez,Alexander Emmanuel Rodriguez,US,Male,350000000,48,07/27/1975,July,27,1975,Athletics
Derek Jeter,Derek Sanderson Jeter,US,Male,200000000,49,06/26/1974,June,26,1974,Athletics
Wayne Gretzky,Wayne Douglas Gretzky,CA,Male,280000000,62,01/26/1961,January,26,1961,Athletics
Michael Phelps,Michael Fred Phelps II,US,Male,100000000,38,06/30/1985,June,30,1985,Athletics
Shaquille O'Neal,Shaquille Rashaun O'Neal,US,Male,400000000,51,03/06/1972,March,6,1972,Athletics
Floyd Mayweather Jr.,Floyd Joy Mayweather Jr.,US,Male,450000000,46,02/24/1977,February,24,1977,Athletics
Tom Daley,Thomas Robert Daley,GB,Male,5000000,29,05/21/1994,May,21,1994,Athletics
Lewis Hamilton,Lewis Carl Davidson Hamilton,GB,Male,285000000,38,01/07/1985,January,7,1985,Athletics
Kevin Durant,Kevin Wayne Durant,US,Male,300000000,34,09/29/1988,September,29,1988,Athletics
Stephen Curry,Wardell Stephen Curry II,US,Male,160000000,35,03/14/1988,March,14,1988,Athletics
Giannis Antetokounmpo,Giannis Sina Ugo Antetokounmpo,GR,Male,80000000,29,12/06/1994,December,6,1994,Athletics
Neymar Jr.,Neymar da Silva Santos Júnior,BR,Male,200000000,31,02/05/1992,February,5,1992,Athletics
Zlatan Ibrahimovic,Zlatan Ibrahimovic,SE,Male,200000000,41,10/03/1981,October,3,1981,Athletics
Conor McGregor,Conor Anthony McGregor,IE,Male,280000000,35,07/14/1988,July,14,1988,Athletics
Anthony Joshua,Anthony Oluwafemi Olaseni Joshua,GB,Male,80000000,33,10/15/1989,October,15,1989,Athletics
Mike Tyson,Michael Gerard Tyson,US,Male,10000000,57,06/30/1966,June,30,1966,Athletics
Manny Pacquiao,Emmanuel Dapidran Pacquiao,PH,Male,220000000,45,12/17/1978,December,17,1978,Athletics
Chris Froome,Christopher Clive Froome,GB,Male,22000000,38,05/20/1985,May,20,1985,Athletics
Serena Williams,Serena Jameka Williams,US,Female,250000000,42,09/26/1981,September,26,1981,Athletics
Simone Biles,Simone Arianne Biles,US,Female,16000000,26,03/14/1997,March,14,1997,Athletics
Naomi Osaka,Naomi Osaka,JP,Female,65000000,25,10/16/1997,October,16,1997,Athletics
Alex Morgan,Alexandra Patricia Morgan,US,Female,5000000,34,07/02/1989,July,2,1989,Athletics
Megan Rapinoe,Megan Anna Rapinoe,US,Female,5000000,38,07/05/1985,July,5,1985,Athletics
Venus Williams,Venus Ebony Starr Williams,US,Female,95000000,43,06/17/1980,June,17,1980,Athletics
Maria Sharapova,Maria Yuryevna Sharapova,RU,Female,180000000,36,04/19/1987,April,19,1987,Athletics
Ronda Rousey,Ronda Jean Rousey,US,Female,14000000,36,02/01/1987,February,1,1987,Athletics
Lindsey Vonn,Lindsey Caroline Vonn,US,Female,7000000,39,10/18/1984,October,18,1984,Athletics
Danica Patrick,Danica Sue Patrick,US,Female,60000000,41,03/25/1982,March,25,1982,Athletics
Abby Wambach,Mary Abigail Wambach,US,Female,5000000,43,06/02/1980,June,2,1980,Athletics
Mia Hamm,Mariel Margaret Hamm,US,Female,10000000,51,03/17/1972,March,17,1972,Athletics
Abby Dahlkemper,Abigail Lynn Dahlkemper,US,Female,500000,30,05/13/1993,May,13,1993,Athletics
Marta Vieira da Silva,Marta Vieira da Silva,BR,Female,13000000,37,02/19/1986,February,19,1986,Athletics
Sue Bird,Suzanne Brigit Bird,US,Female,10000000,43,10/16/1980,October,16,1980,Athletics
Diana Taurasi,Diana Lorena Taurasi,US,Female,3500000,41,06/11/1982,June,11,1982,Athletics
Candace Parker,Candace Nicole Parker,US,Female,3000000,37,04/19/1986,April,19,1986,Athletics
Breanna Stewart,Breanna Mackenzie Stewart,US,Female,1000000,28,08/27/1994,August,27,1994,Athletics
Ashleigh Barty,Ashleigh Barty,AU,Female,20000000,26,04/24/1996,April,24,1996,Athletics
Katie Ledecky,Kathleen Genevieve Ledecky,US,Female,5000000,25,03/17/1997,March,17,1997,Athletics
Simone Manuel,Simone Ashley Manuel,US,Female,3000000,27,08/02/1996,August,2,1996,Athletics
Allyson Felix,Allyson Michelle Felix,US,Female,4500000,38,11/18/1985,November,18,1985,Athletics
Shelly-Ann Fraser-Pryce,Ann Fraser Smith,JM,Female,4000000,36,12/27/1986,December,27,1986,Athletics
Joe Biden,Joseph Robinette Biden Jr.,US,Male,10000000,81,11/20/1942,November,20,1942,Politics
Kamala Harris,Kamala Devi Harris,US,Female,7000000,59,10/20/1964,October,20,1964,Politics
Nancy Pelosi,Nancy Patricia Pelosi,US,Female,120000000,83,03/26/1940,March,26,1940,Politics
Mitch McConnell,Addison Mitchell McConnell Jr.,US,Male,30000000,81,02/20/1942,February,20,1942,Politics
Chuck Schumer,Charles Ellis Schumer,US,Male,70000000,73,11/23/1950,November,23,1950,Politics
Elizabeth Warren,Elizabeth Ann Herring,US,Female,73000000,74,06/22/1949,June,22,1949,Politics
Ted Cruz,Rafael Edward Cruz,US,Male,4000000,52,12/22/1970,December,22,1970,Politics
Bernie Sanders,Bernard Sanders,US,Male,3000000,82,09/08/1941,September,8,1941,Politics
Alexandria Ocasio-Cortez,Alexandria Ocasio-Cortez,US,Female,200000,34,10/13/1989,October,13,1989,Politics
Marco Rubio,Marco Antonio Rubio,US,Male,200000,52,05/28/1971,May,28,1971,Politics
Mitt Romney,Willard Mitt Romney,US,Male,250000000,76,03/12/1947,March,12,1947,Politics
Gavin Newsom,Gavin Christopher Newsom,US,Male,20000000,56,10/10/1967,October,10,1967,Politics
Andrew Cuomo,Andrew Mark Cuomo,US,Male,3000000,66,12/06/1957,December,6,1957,Politics
Ron DeSantis,Ronald Dion DeSantis,US,Male,1000000,43,09/14/1978,September,14,1978,Politics
Gretchen Whitmer,Gretchen Esther Whitmer,US,Female,100000,52,08/23/1971,August,23,1971,Politics
Pete Buttigieg,Peter Paul Montgomery Buttigieg,US,Male,250000,41,01/19/1982,January,19,1982,Politics
Stacey Abrams,Stacey Yvonne Abrams,US,Female,21000000,49,12/09/1973,December,9,1973,Politics
Amy Klobuchar,Amy Jean Klobuchar,US,Female,640000,63,05/25/1960,May,25,1960,Politics
Rand Paul,Randal Howard Paul,US,Male,1500000,60,01/07/1963,January,7,1963,Politics
Mike Pence,Michael Richard Pence,US,Male,2000000,64,06/07/1959,June,7,1959,Politics
Cory Booker,Cory Anthony Booker,US,Male,700000,54,04/27/1969,April,27,1969,Politics
Kirsten Gillibrand,Kirsten Elizabeth Gillibrand,US,Female,100000,57,12/09/1966,December,9,1966,Politics
John Kasich,John Richard Kasich,US,Male,10000000,71,05/13/1952,May,13,1952,Politics
Chris Christie,Christopher James Christie,US,Male,20000000,61,09/06/1962,September,6,1962,Politics
Nikki Haley,Nimrata Nikki Randhawa Haley,US,Female,60000000,51,01/20/1972,January,20,1972,Politics
Ted Lieu,Ted W. Lieu,US,Male,100000,54,03/29/1969,March,29,1969,Politics
Adam Schiff,Adam Bennett Schiff,US,Male,60000000,63,06/22/1960,June,22,1960,Politics
Ted Yoho,Theodore Scott Yoho,US,Male,1500000,67,04/13/1955,April,13,1955,Politics
Tulsi Gabbard,Tulsi Gabbard,US,Female,1000000,42,04/12/1981,April,12,1981,Politics
Dan Crenshaw,Daniel Reed Crenshaw,US,Male,2000000,40,03/14/1984,March,14,1984,Politics
Ilhan Omar,Ilhan Abdullahi Omar,US,Female,83000000,41,10/04/1982,October,4,1982,Politics
Eric Swalwell,Eric Michael Swalwell,US,Male,2000000,43,11/16/1980,November,16,1980,Politics
Jim Jordan,James Daniel Jordan,US,Male,35000000,59,02/17/1964,February,17,1964,Politics
Ayanna Pressley,Ayanna Soyini Pressley,US,Female,5000000,49,02/03/1974,February,3,1974,Politics
Tom Cotton,Thomas Bryant Cotton,US,Male,4000000,46,05/13/1977,May,13,1977,Politics
Josh Hawley,Joshua David Hawley,US,Male,1500000,43,12/31/1979,December,31,1979,Politics
Joni Ernst,Joni Kay Ernst,US,Female,100000,52,07/01/1970,July,1,1970,Politics
Mark Meadows,Mark Randall Meadows,US,Male,30000000,64,07/28/1959,July,28,1959,Politics
Steve Bannon,Stephen Kevin Bannon,US,Male,20000000,70,11/27/1953,November,27,1953,Politics
Mike Pompeo,Michael Richard Pompeo,US,Male,500000,59,12/30/1963,December,30,1963,Politics
John Bolton,John Robert Bolton,US,Male,3000000,75,11/20/1948,November,20,1948,Politics
Susan Collins,Susan Margaret Collins,US,Female,45000000,71,12/07/1952,December,7,1952,Politics
Lisa Murkowski,Lisa Ann Murkowski,US,Female,1500000,65,05/22/1957,May,22,1957,Politics
Jim Clyburn,James Enos Clyburn,US,Male,3000000,83,07/21/1940,July,21,1940,Politics
Mitch Landrieu,Mitchell Joseph Landrieu,US,Male,5000000,62,08/16/1960,August,16,1960,Politics
Tom Perez,Thomas Edward Perez,US,Male,1300000,61,10/07/1961,October,7,1961,Politics
William Barr,William Pelham Barr,US,Male,50000000,73,05/23/1950,May,23,1950,Politics
Joe Manchin,Joseph Manchin III,US,Male,8000000,76,08/24/1947,August,24,1947,Politics
Tom Reed,Thomas W. Reed II,US,Male,100000,51,11/18/1971,November,18,1971,Politics
Tom Rice,Hugh Thompson Rice Jr.,US,Male,1000000,64,08/04/1957,August,4,1957,Politics
Hakeem Jeffries,Hakeem Sekou Jeffries,US,Male,9000000,52,08/04/1970,August,4,1970,Politics
Judy Chu,Judy May Chu,US,Female,1900000,69,07/07/1953,July,7,1953,Politics
Debbie Wasserman Schultz,Deborah Wasserman Schultz,US,Female,100000,56,09/27/1966,September,27,1966,Politics
Val Demings,Valdez Venita Demings,US,Female,375000,66,03/12/1957,March,12,1957,Politics
Sheila Jackson Lee,Sheila Jackson Lee,US,Female,8000000,73,01/12/1950,January,12,1950,Politics
Ro Khanna,Rohit Khanna,US,Male,100000,47,09/13/1976,September,13,1976,Politics
Eric Holcomb,Eric Joseph Holcomb,US,Male,1500000,56,05/02/1968,May,2,1968,Politics
Greg Abbott,Gregory Wayne Abbott,US,Male,23000000,66,11/13/1957,November,13,1957,Politics
Charlie Baker,Charles Duane Baker Jr.,US,Male,20000000,66,11/13/1956,November,13,1956,Politics
Janet Mills,Janet Trafton Mills,US,Female,100000,75,12/30/1947,December,30,1947,Politics
Kate Brown,Katherine Brown,US,Female,200000000,63,06/21/1960,June,21,1960,Politics
Phil Murphy,Philip Dunton Murphy,US,Male,80000000,66,08/16/1957,August,16,1957,Politics
Kim Reynolds,Kimberly Kay Reynolds,US,Female,300000000,63,08/04/1959,August,4,1959,Politics
Kay Ivey,Kay Ellen Ivey,US,Female,1000000,78,10/15/1944,October,15,1944,Politics
Kristi Noem,Kristi Lynn Noem,US,Female,6000000,51,11/30/1971,November,30,1971,Politics
Laura Kelly,Laura Jean Kelly,US,Female,3000000,70,01/24/1950,January,24,1950,Politics
Andy Beshear,Andrew Grulich Beshear,US,Male,5000000,39,11/29/1977,November,29,1977,Politics
Jared Polis,Jared Schutz Polis,US,Male,450000000,48,05/12/1975,May,12,1975,Politics
J.B. Pritzker,Jay Robert Pritzker,US,Male,3600000000,58,01/19/1965,January,19,1965,Politics
Tony Evers,Anthony Steven Evers,US,Male,2000000,71,11/05/1951,November,5,1951,Politics
Brian Kemp,Brian Porter Kemp,US,Male,300000000,59,11/02/1963,November,2,1963,Politics
Doug Ducey,Douglas Anthony Ducey,US,Male,100000,59,10/09/1964,October,9,1964,Politics
Tim Walz,Timothy James Walz,US,Male,100000,59,04/06/1964,April,6,1964,Politics
David Ige,David Yutaka Ige,US,Male,100000,66,01/15/1957,January,15,1957,Politics
Ralph Northam,Ralph Shearer Northam,US,Male,200000000,64,09/13/1959,September,13,1959,Politics
Snoop Dogg,Calvin Cordozar Broadus Jr.,US,Male,150000000,52,10/20/1971,October,20,1971,"Music, Entrepreneur"
Alisha Lehmann,Alisha Lehmann,CH,Female,2000000,24,01/21/1999,January,21,1999,Athletics
Kate Middleton,Catherine Elizabeth Middleton,GB,Female,10000000,41,01/09/1982,January,9,1982,Royalty
Meghan Markle,Rachel Meghan Markle,US,Female,60000000,42,08/04/1981,August,4,1981,Royalty
Chrissy Teigen,Christine Diane Teigen,US,Female,75000000,38,11/30/1985,November,30,1985,"Modeling, Television"
David Dobrik,David Julian Dobrik,US,Male,8000000,27,07/23/1996,July,23,1996,Media
James Charles,James Charles Dickinson,US,Male,22000000,24,05/23/1999,May,23,1999,Media
Zach King,Zachary King,US,Male,6500000,33,02/04/1990,February,4,1990,Media
Emma Chamberlain,Emma Frances Chamberlain,US,Female,12000000,22,05/22/2001,May,22,2001,Media
Gigi Hadid,Jelena Noura Hadid,US,Female,20000000,28,04/23/1995,April,23,1995,"Modeling, Fashion"
Huda Kattan,Huda Kattan,AE,Female,560000000,40,10/02/1983,October,2,1983,Media
Shane Dawson,Shane Lee Yaw,US,Male,15000000,35,07/19/1988,July,19,1988,Media
Lilly Singh,Lilly Saini Singh,CA,Female,23000000,35,09/26/1988,September,26,1988,Media
Gary Vaynerchuk,Gennady Vaynerchuk,BY,Male,200000000,48,11/14/1975,November,14,1975,Entrepreneur
Michelle Phan,Michelle Phan,US,Female,50000000,36,04/11/1987,April,11,1987,"Media, Entrepreneurship"
Jeffree Star,Jeffrey Lynn Steininger Jr.,US,Male,200000000,38,11/15/1985,November,15,1985,"Media, Entrepreneurship"
Markiplier ,Mark Edward Fischbach,US,Male,35000000,34,06/28/1989,June,28,1989,Media
Liza Koshy,Elizabeth Shaila Koshy,US,Female,6000000,27,03/31/1996,March,31,1996,Media
PewDiePie ,Felix Arvid Ulf Kjellberg,SE,Male,64000000,34,10/24/1989,October,24,1989,Media
KSI ,Olajide William Olatunji,GB,Male,27000000,30,06/19/1993,June,19,1993,"Media, Music"
Ninja ,Richard Tyler Blevins,US,Male,40000000,32,06/05/1991,June,5,1991,Media
Tana Mongeau,Montana Katharine Mongeau,US,Female,4000000,25,06/24/1998,June,24,1998,Media
NikkieTutorials ,Nikkie de Jager,NL,Female,5000000,29,03/02/1994,March,2,1994,Media
MrBeast ,Jimmy Donaldson,US,Male,100000000,25,05/07/1998,May,7,1998,Media
Amanda Cerny,Amanda Rachelle Cerny,US,Female,1000000,32,06/26/1991,June,26,1991,Media
Casey Neistat,Casey Owen Neistat,US,Male,20000000,42,03/25/1981,March,25,1981,Media
JoJo Siwa,Joelle Joanie Siwa,US,Female,20000000,20,05/19/2003,May,19,2003,Music
Ryan's World ,Ryan Kaji,US,Male,140000000,12,10/06/2011,October,6,2011,Media
Miranda Sings ,Colleen Mae Ballinger,US,Female,10000000,37,11/21/1986,November,21,1986,Media
Nigahiga ,Ryan Higa,US,Male,10000000,33,06/06/1990,June,6,1990,Media
Rosanna Pansino,Rosanna Reardon,US,Female,9000000,38,06/08/1985,June,8,1985,Media
Anna Akana,Anna Kay Akana,US,Female,317000,34,08/18/1989,August,18,1989,Media
Rachel Levin,Rachel Claire Levin,US,Female,8000000,28,02/24/1995,February,24,1995,Media
King Bach ,Andrew B. Bachelor,CA,Male,3000000,35,06/26/1988,June,26,1988,Media
Gabbie Hanna,Gabrielle Jeannette Hanna,US,Female,2000000,32,02/07/1991,February,7,1991,"Media, Music"
LeJuan James,Juan Atiles,DO,Male,750000,38,07/19/1985,July,19,1985,Media
Brittany Broski,Brittany Tomlinson,US,Female,100000,25,07/22/1998,July,22,1998,Media
Logan Paul,Logan Alexander Paul,US,Male,25000000,28,04/01/1995,April,1,1995,"Media, Athletics"
Lele Pons,Eleonora Pons Maronese,VE,Female,3000000,27,06/25/1996,June,25,1996,Media
Jenna Marbles,Jenna Nicole Mourey,US,Female,8000000,37,09/15/1986,September,15,1986,Media
Cameron Dallas,Cameron Alexander Dallas,US,Male,5000000,29,09/08/1994,September,8,1994,Media
Nash Grier,Hamilton Nash Grier,US,Male,4000000,26,12/28/1997,December,28,1997,Media
Brandon Armstrong,Brandon Armstrong,US,Male,3000000,35,08/28/1988,August,28,1988,Media
Justine Ezarik ,Justine Ezarik,US,Female,2500000,39,03/20/1984,March,20,1984,"Media, Technology"
Jake Paul,Jacob Joseph Paul,US,Male,60000000,26,01/17/1997,January,17,1997,"Media, Athletics"
Hayes Grier,Benjamin Hayes Grier,US,Male,3000000,23,12/08/2000,December,8,2000,Media
Bethany Mota,Bethany Noel Mota,US,Female,3000000,28,11/07/1995,November,7,1995,"Media, Fashion"
Jessi Smiles,Jessica Vazquez,US,Female,100000,30,08/17/1993,August,17,1993,Media
Mark Dohner,Mark Dohner,US,Male,100000,30,10/08/1993,October,8,1993,Media
Joe Sugg,Joseph Graham Sugg,GB,Male,2000000,32,09/08/1991,September,8,1991,Media
Juanpa Zurita,Juan Pablo Martínez Zurita,MX,Male,1500000,27,03/29/1996,March,29,1996,Media
Addison Rae,Addison Rae Easterling,US,Female,15000000,23,10/06/2000,October,6,2000,Media
Charli D'Amelio,Charli Grace D'Amelio,US,Female,3000000,19,05/01/2004,May,1,2004,Media
Loren Gray,Loren Gray Beech,US,Female,5000000,21,04/19/2002,April,19,2002,Media
Dixie D'Amelio,Dixie Jane D'Amelio,US,Female,10000000,22,08/12/2001,August,12,2001,Media
Josh Richards,Joshua Christian Nanai,CA,Male,5000000,21,01/31/2002,January,31,2002,Media
Bryce Hall,Bryce Hall,US,Male,2000000,24,08/14/1999,August,14,1999,Media
Amelie Zilber,Amelie Zilber,US,Female,100000,21,03/27/2002,March,27,2002,Media
Siya Kakkar,Siya Kakkar,IN,Female,100000,19,05/09/2004,May,9,2004,Music
Alex Warren,Alex Warren,US,Male,5000000,23,05/18/2000,May,18,2000,Media
Nikita Dragun,Nikita Dragun,US,Female,3000000,27,01/31/1996,January,31,1996,Media
Avani Gregg,Avani Gregg,US,Female,4000000,21,11/23/2002,November,23,2002,Media
Noah Beck,Noah Beck,US,Male,5000000,22,05/04/2001,May,4,2001,Media
Bella Poarch,Bella Poarch,US,Female,2000000,22,02/08/2001,February,8,2001,Media
Curtis Lepore,Curtis Lepore,US,Male,5000000,40,06/28/1983,June,28,1983,Media
Rebecca Black,Rebecca Renee Black,US,Female,3000000,26,06/21/1997,June,21,1997,"Media, Music"
Donald Trump,Donald John Trump,US,Male,2500000000,77,06/14/1946,June,14,1946,"Entrepreneur, Television, Politics"
Mark Zuckerberg,Mark Elliot Zuckerberg,US,Male,116000000000,39,05/14/1984,May,14,1984,Technology
Richard Branson,Sir Richard Charles Nicholas Branson,GB,Male,4000000000,73,07/18/1950,July,18,1950,Entrepreneur
Warren Buffett,Warren Edward Buffett,US,Male,79000000000,92,08/30/1930,August,30,1930,Entrepreneur
Larry Page,Lawrence Edward Page,US,Male,82000000000,50,03/26/1973,March,26,1973,Technology 
Sergey Brin,Sergey Mikhaylovich Brin,US,Male,78000000000,49,08/21/1973,August,21,1973,Technology 
Jack Ma,Ma Yun,CN,Male,24600000000,59,09/10/1964,September,10,1964,Entrepreneur
Larry Ellison,Lawrence Joseph Ellison,US,Male,135000000000,79,08/17/1944,August,17,1944,Technology 
Rupert Murdoch,Keith Rupert Murdoch,US,Male,22100000000,92,03/11/1931,March,11,1931,Media
Michael Bloomberg,Michael Rubens Bloomberg,US,Male,94500000000,81,02/14/1942,February,14,1942,"Entrepreneur, Politics"
Arianna Huffington,Arianna Stassinopoulos,GR,Female,100000000,76,07/15/1950,July,15,1950,Media
Mark Cuban,Mark Cuban,US,Male,4600000000,65,07/31/1958,July,31,1958,Entrepreneur
Sheryl Sandberg,Sheryl Kara Sandberg,US,Female,1600000000,53,08/28/1969,August,28,1969,Technology
Tim Cook,Timothy Donald Cook,US,Male,1900000000,62,11/01/1960,November,1,1960,Technology 
Jack Dorsey,Jack Patrick Dorsey,US,Male,4500000000,46,11/19/1976,November,19,1976,Technology 
Reid Hoffman,Reid Garrett Hoffman,US,Male,2400000000,56,08/05/1967,August,5,1967,Technology
Peter Thiel,Peter Andreas Thiel,DE,Male,9700000000,56,10/11/1967,October,11,1967,Technology
Martha Stewart,Martha Helen Kostyra,US,Female,650000000,82,08/03/1941,August,3,1941,Media
T.I.,Clifford Joseph Harris Jr.,US,Male,60000000,43,09/25/1980,September,25,1980,Music
Wale,Olubowale Victor Akintimehin,US,Male,5000000,39,09/21/1984,September,21,1984,Music
2 Chainz,Tauheed Epps,US,Male,12000000,46,09/12/1977,September,12,1977,Music
Gucci Mane,Radric Davis,US,Male,12000000,43,02/12/1980,February,12,1980,Music
Wiz Khalifa,Cameron Jibril Thomaz,US,Male,70000000,36,09/08/1987,September,8,1987,Music
Rick Ross,William Leonard Roberts II,US,Male,40000000,47,01/28/1976,January,28,1976,Music
Ice Cube,O'Shea Jackson Sr.,US,Male,160000000,54,06/15/1969,June,15,1969,"Music, Film"
Kid Cudi,Scott Ramon Seguro Mescudi,US,Male,18000000,39,01/30/1984,January,30,1984,Music
Travis Scott,Jacques Webster II,US,Male,60000000,32,04/30/1991,April,30,1991,Music
Luke Bryan,Thomas Luther Bryan,US,Male,160000000,47,07/17/1976,July,17,1976,Music
Blake Shelton,Blake Tollison Shelton,US,Male,120000000,47,06/18/1976,June,18,1976,Music
Morgan Wallen,Morgan Cole Wallen,US,Male,12000000,30,05/13/1993,May,13,1993,Music
Keith Urban,Keith Lionel Urban,AU,Male,75000000,56,10/26/1967,October,26,1967,Music
Jason Aldean,Jason Aldine Williams,US,Male,50000000,46,02/28/1977,February,28,1977,Music
Thomas Rhett,Thomas Rhett Akins Jr.,US,Male,5000000,33,03/30/1990,March,30,1990,Music
Eric Church,Kenneth Eric Church,US,Male,14000000,46,05/03/1977,May,3,1977,Music
Tyga,Michael Ray Stevenson,US,Male,7000000,34,11/19/1989,November,19,1989,Music
Logic,Sir Robert Bryson Hall II,US,Male,14000000,33,01/22/1990,January,22,1990,Music
YG,Keenon Daequan Ray Jackson,US,Male,5000000,33,03/09/1990,March,9,1990,Music
Big Sean,Sean Michael Leonard Anderson,US,Male,16000000,35,03/25/1988,March,25,1988,Music
Lil Uzi Vert,Symere Woods,US,Male,20000000,29,07/31/1994,July,31,1994,Music
Chance the Rapper,Chancelor Johnathan Bennett,US,Male,25000000,30,04/16/1993,April,16,1993,Music
"Tyler, The Creator",Tyler Gregory Okonma,US,Male,30000000,32,03/06/1991,March,6,1991,Music
A$AP Rocky,Rakim Athelaston Mayers,US,Male,20000000,35,10/03/1988,October,3,1988,Music
Blueface,Jonathan Michael Porter,US,Male,4000000,26,01/20/1997,January,20,1997,Music
Saweetie,Diamonté Quiava Valentin Harper,US,Female,5000000,30,07/02/1993,July,2,1993,Music
Ty Dolla $ign,Tyrone William Griffin Jr.,US,Male,5000000,38,04/13/1985,April,13,1985,Music
Lil Nas X,Montero Lamar Hill,US,Male,5000000,24,04/09/1999,April,9,1999,Music
Jack Harlow,Jackman Thomas Harlow,US,Male,5000000,25,03/13/1998,March,13,1998,Music
Takeoff,Kirshnik Khari Ball,US,Male,16000000,29,06/18/1994,June,18,1994,Music
Meek Mill,Robert Rihmeek Williams,US,Male,20000000,36,05/06/1987,May,6,1987,Music
Diddy,Sean John Combs,US,Male,1000000000,54,11/04/1969,November,4,1969,Music
Dr. Dre,Andre Romelle Young,US,Male,500000000,58,02/18/1965,February,18,1965,Music
John Cena,John Felix Anthony Cena,US,Male,80000000,46,04/23/1977,April,23,1977,"Film, Wrestling"
